{"cameraMode":{"drawMode":0,"name":"Shaded","section":"Shading Mode"},"sceneLighting":true,"audioPlay":false,"sceneViewState":{"showFog":true,"showMaterialUpdate":true,"showSkybox":true,"showFlares":true,"showImageEffects":true,"showParticleSystems":true},"in2DMode":false,"pivot":{"x":-1.0204553604125977,"y":0.8700000047683716,"z":-10.779999732971192},"rotation":{"x":-0.03423897176980972,"y":-0.9637801051139832,"z":0.15278415381908418,"w":-0.21601052582263947},"size":0.5087403059005737,"orthographic":false}